id;street_address;postal_code;city;state_province
1;radicale Program;and program Germania;Borgo Odoricolaziale;Soft Isola
2;di International generating;Chief;Settimo Salustiodel friuli;Gold incentivate
3;neural;sistemi object-oriented Directives;Sesto Garimbertoterme;Outdoors
4;pink;SCSI;Borgo Egeoveneto;Fuerte Sports
5;17(E.U.A.-17) Frozen Vanuatu;Alleanza;Canolo;estensioni Help-desk Cambridgeshire
6;dedicata next-generation;olistiche Beauty;Gennarolido;Principal mobile
7;schemi Grenada Licensed;Matera JBOD;Ivettaumbro;Jewelery Bacon
8;Licensed Forward;connect Toys Assurance;San Edilbertolido;metodologie
9;Refined Nuova synthesize;digital withdrawal;Masierosalentino;IB
10;Borgo;Utilizzazione Strada;Sennori;Bhutanese estensibili
